{"cameraMode":{"drawMode":0,"name":"Shaded","section":"Shading Mode"},"sceneLighting":true,"audioPlay":false,"sceneViewState":{"showFog":true,"showMaterialUpdate":false,"showSkybox":true,"showFlares":true,"showImageEffects":true,"showParticleSystems":true},"in2DMode":false,"pivot":{"x":-5.157843589782715,"y":3.0162088871002199,"z":-4.924198627471924},"rotation":{"x":-0.14894014596939088,"y":-0.4194360077381134,"z":0.0699784904718399,"w":-0.8927592635154724},"size":2.2577550411224367,"orthographic":false}