{"cameraMode":{"drawMode":0,"name":"Shaded","section":"Shading Mode"},"sceneLighting":true,"audioPlay":false,"sceneViewState":{"showFog":true,"showMaterialUpdate":false,"showSkybox":false,"showFlares":true,"showImageEffects":true,"showParticleSystems":true},"in2DMode":false,"pivot":{"x":6.840000152587891,"y":0.5999999046325684,"z":-1.119928240776062},"rotation":{"x":-0.03515941649675369,"y":-0.4464849829673767,"z":0.017559684813022615,"w":-0.8939393162727356},"size":0.8374945521354675,"orthographic":false}